observation_date,BAMLC0A4CBBBEY
2023-04-24,5.48
2023-04-25,5.35
2023-04-26,5.42
2023-04-27,5.51
2023-04-28,5.43
2023-04-30,5.45
2023-05-01,5.58
2023-05-02,5.46
2023-05-03,5.39
2023-05-04,5.43
2023-05-05,5.50
2023-05-08,5.58
2023-05-09,5.60
2023-05-10,5.50
2023-05-11,5.47
2023-05-12,5.53
2023-05-15,5.57
2023-05-16,5.62
2023-05-17,5.67
2023-05-18,5.74
2023-05-19,5.77
2023-05-22,5.78
2023-05-23,5.76
2023-05-24,5.81
2023-05-25,5.88
2023-05-26,5.89
2023-05-29,5.90
2023-05-30,5.75
2023-05-31,5.73
2023-06-01,5.69
2023-06-02,5.77
2023-06-05,5.77
2023-06-06,5.77
2023-06-07,5.84
2023-06-08,5.78
2023-06-09,5.83
2023-06-12,5.81
2023-06-13,5.88
2023-06-14,5.86
2023-06-15,5.77
2023-06-16,5.80
2023-06-19,5.80
2023-06-20,5.76
2023-06-21,5.76
2023-06-22,5.82
2023-06-23,5.79
2023-06-26,5.76
2023-06-27,5.81
2023-06-28,5.76
2023-06-29,5.86
2023-06-30,5.83
2023-07-03,5.87
2023-07-04,5.87
2023-07-05,5.90
2023-07-06,6.01
2023-07-07,6.00
2023-07-10,5.95
2023-07-11,5.92
2023-07-12,5.78
2023-07-13,5.67
2023-07-14,5.74
2023-07-17,5.74
2023-07-18,5.73
2023-07-19,5.68
2023-07-20,5.77
2023-07-21,5.76
2023-07-24,5.78
2023-07-25,5.79
2023-07-26,5.75
2023-07-27,5.84
2023-07-28,5.79
2023-07-31,5.77
2023-08-01,5.84
2023-08-02,5.89
2023-08-03,5.98
2023-08-04,5.86
2023-08-07,5.88
2023-08-08,5.84
2023-08-09,5.84
2023-08-10,5.92
2023-08-11,5.98
2023-08-14,6.01
2023-08-15,6.04
2023-08-16,6.09
2023-08-17,6.11
2023-08-18,6.09
2023-08-21,6.17
2023-08-22,6.16
2023-08-23,6.03
2023-08-24,6.06
2023-08-25,6.07
2023-08-28,6.04
2023-08-29,5.94
2023-08-30,5.94
2023-08-31,5.92
2023-09-01,5.99
2023-09-04,5.99
2023-09-05,6.07
2023-09-06,6.11
2023-09-07,6.07
2023-09-08,6.06
2023-09-11,6.08
2023-09-12,6.08
2023-09-13,6.07
2023-09-14,6.08
2023-09-15,6.11
2023-09-18,6.11
2023-09-19,6.14
2023-09-20,6.15
2023-09-21,6.23
2023-09-22,6.17
2023-09-25,6.25
2023-09-26,6.26
2023-09-27,6.33
2023-09-28,6.31
2023-09-29,6.30
2023-09-30,6.33
2023-10-02,6.44
2023-10-03,6.57
2023-10-04,6.49
2023-10-05,6.48
2023-10-06,6.54
2023-10-09,6.55
2023-10-10,6.40
2023-10-11,6.35
2023-10-12,6.46
2023-10-13,6.40
2023-10-16,6.47
2023-10-17,6.59
2023-10-18,6.66
2023-10-19,6.72
2023-10-20,6.67
2023-10-23,6.61
2023-10-24,6.58
2023-10-25,6.67
2023-10-26,6.58
2023-10-27,6.57
2023-10-30,6.62
2023-10-31,6.66
2023-11-01,6.53
2023-11-02,6.43
2023-11-03,6.31
2023-11-06,6.39
2023-11-07,6.33
2023-11-08,6.29
2023-11-09,6.40
2023-11-10,6.38
2023-11-13,6.37
2023-11-14,6.15
2023-11-15,6.23
2023-11-16,6.14
2023-11-17,6.13
2023-11-20,6.10
2023-11-21,6.07
2023-11-22,6.06
2023-11-23,6.06
2023-11-24,6.11
2023-11-27,6.01
2023-11-28,5.95
2023-11-29,5.85
2023-11-30,5.92
2023-12-01,5.79
2023-12-04,5.84
2023-12-05,5.76
2023-12-06,5.73
2023-12-07,5.74
2023-12-08,5.81
2023-12-11,5.82
2023-12-12,5.78
2023-12-13,5.56
2023-12-14,5.41
2023-12-15,5.43
2023-12-18,5.47
2023-12-19,5.45
2023-12-20,5.40
2023-12-21,5.41
2023-12-22,5.42
2023-12-26,5.41
2023-12-27,5.31
2023-12-28,5.34
2023-12-29,5.35
2023-12-31,5.36
2024-01-02,5.43
2024-01-03,5.44
2024-01-04,5.51
2024-01-05,5.54
2024-01-08,5.50
2024-01-09,5.48
2024-01-10,5.47
2024-01-11,5.40
2024-01-12,5.34
2024-01-15,5.33
2024-01-16,5.43
2024-01-17,5.50
2024-01-18,5.50
2024-01-19,5.51
2024-01-22,5.48
2024-01-23,5.51
2024-01-24,5.53
2024-01-25,5.46
2024-01-26,5.48
2024-01-29,5.42
2024-01-30,5.43
2024-01-31,5.36
2024-02-01,5.31
2024-02-02,5.45
2024-02-05,5.55
2024-02-06,5.48
2024-02-07,5.51
2024-02-08,5.55
2024-02-09,5.58
2024-02-12,5.57
2024-02-13,5.72
2024-02-14,5.65
2024-02-15,5.61
2024-02-16,5.66
2024-02-19,5.66
2024-02-20,5.62
2024-02-21,5.66
2024-02-22,5.66
2024-02-23,5.62
2024-02-26,5.66
2024-02-27,5.69
2024-02-28,5.66
2024-02-29,5.67
2024-03-01,5.61
2024-03-04,5.64
2024-03-05,5.58
2024-03-06,5.55
2024-03-07,5.52
2024-03-08,5.50
2024-03-11,5.52
2024-03-12,5.56
2024-03-13,5.57
2024-03-14,5.64
2024-03-15,5.66
2024-03-18,5.66
2024-03-19,5.62
2024-03-20,5.60
2024-03-21,5.58
2024-03-22,5.53
2024-03-25,5.56
2024-03-26,5.56
2024-03-27,5.53
2024-03-28,5.54
2024-03-31,5.56
2024-04-01,5.66
2024-04-02,5.67
2024-04-03,5.65
2024-04-04,5.61
2024-04-05,5.70
2024-04-08,5.71
2024-04-09,5.66
2024-04-10,5.84
2024-04-11,5.85
2024-04-12,5.82
2024-04-15,5.90
2024-04-16,5.98
2024-04-17,5.91
2024-04-18,5.95
2024-04-19,5.94
2024-04-22,5.93
2024-04-23,5.89
2024-04-24,5.92
2024-04-25,5.98
2024-04-26,5.94
2024-04-29,5.89
2024-04-30,5.97
2024-05-01,5.92
2024-05-02,5.85
2024-05-03,5.76
2024-05-06,5.75
2024-05-07,5.72
2024-05-08,5.76
2024-05-09,5.74
2024-05-10,5.78
2024-05-13,5.77
2024-05-14,5.73
2024-05-15,5.63
2024-05-16,5.66
2024-05-17,5.69
2024-05-20,5.70
2024-05-21,5.68
2024-05-22,5.70
2024-05-23,5.75
2024-05-24,5.75
2024-05-27,5.75
2024-05-28,5.80
2024-05-29,5.85
2024-05-30,5.79
2024-05-31,5.75
2024-06-03,5.67
2024-06-04,5.62
2024-06-05,5.59
2024-06-06,5.60
2024-06-07,5.72
2024-06-10,5.75
2024-06-11,5.69
2024-06-12,5.62
2024-06-13,5.55
2024-06-14,5.55
2024-06-17,5.63
2024-06-18,5.57
2024-06-19,5.57
2024-06-20,5.60
2024-06-21,5.61
2024-06-24,5.60
2024-06-25,5.60
2024-06-26,5.68
2024-06-27,5.64
2024-06-28,5.69
2024-06-30,5.71
2024-07-01,5.78
2024-07-02,5.73
2024-07-03,5.65
2024-07-04,5.65
2024-07-05,5.57
2024-07-08,5.57
2024-07-09,5.58
2024-07-10,5.58
2024-07-11,5.49
2024-07-12,5.45
2024-07-15,5.47
2024-07-16,5.43
2024-07-17,5.43
2024-07-18,5.47
2024-07-19,5.51
2024-07-22,5.52
2024-07-23,5.51
2024-07-24,5.54
2024-07-25,5.53
2024-07-26,5.47
2024-07-29,5.45
2024-07-30,5.44
2024-07-31,5.37
2024-08-01,5.32
2024-08-02,5.17
2024-08-05,5.24
2024-08-06,5.31
2024-08-07,5.33
2024-08-08,5.36
2024-08-09,5.32
2024-08-12,5.28
2024-08-13,5.22
2024-08-14,5.18
2024-08-15,5.24
2024-08-16,5.21
2024-08-19,5.19
2024-08-20,5.14
2024-08-21,5.10
2024-08-22,5.16
2024-08-23,5.09
2024-08-26,5.10
2024-08-27,5.10
2024-08-28,5.11
2024-08-29,5.12
2024-08-30,5.16
2024-08-31,5.17
2024-09-02,5.17
2024-09-03,5.12
2024-09-04,5.05
2024-09-05,5.03
2024-09-06,5.00
2024-09-09,4.99
2024-09-10,4.95
2024-09-11,4.97
2024-09-12,4.97
2024-09-13,4.93
2024-09-16,4.88
2024-09-17,4.89
2024-09-18,4.93
2024-09-19,4.90
2024-09-20,4.90
2024-09-23,4.91
2024-09-24,4.88
2024-09-25,4.93
2024-09-26,4.95
2024-09-27,4.90
2024-09-30,4.97
2024-10-01,4.92
2024-10-02,4.95
2024-10-03,5.00
2024-10-04,5.11
2024-10-07,5.16
2024-10-08,5.15
2024-10-09,5.18
2024-10-10,5.17
2024-10-11,5.16
2024-10-14,5.15
2024-10-15,5.11
2024-10-16,5.09
2024-10-17,5.15
2024-10-18,5.14
2024-10-21,5.25
2024-10-22,5.27
2024-10-23,5.31
2024-10-24,5.29
2024-10-25,5.31
2024-10-28,5.34
2024-10-29,5.33
2024-10-30,5.34
2024-10-31,5.38
2024-11-01,5.45
2024-11-04,5.38
2024-11-05,5.36
2024-11-06,5.44
2024-11-07,5.33
2024-11-08,5.31
2024-11-11,5.31
2024-11-12,5.42
2024-11-13,5.42
2024-11-14,5.44
2024-11-15,5.44
2024-11-18,5.41
2024-11-19,5.39
2024-11-20,5.42
2024-11-21,5.44
2024-11-22,5.44
2024-11-25,5.30
2024-11-26,5.33
2024-11-27,5.29
2024-11-28,5.29
2024-11-29,5.24
2024-11-30,5.27
2024-12-02,5.26
2024-12-03,5.28
2024-12-04,5.22
2024-12-05,5.23
2024-12-06,5.20
2024-12-09,5.23
2024-12-10,5.25
2024-12-11,5.27
2024-12-12,5.32
2024-12-13,5.38
2024-12-16,5.37
2024-12-17,5.37
2024-12-18,5.48
2024-12-19,5.54
2024-12-20,5.52
2024-12-23,5.56
2024-12-24,5.55
2024-12-26,5.54
2024-12-27,5.56
2024-12-30,5.50
2024-12-31,5.55
2025-01-02,5.54
2025-01-03,5.57
2025-01-06,5.59
2025-01-07,5.64
2025-01-08,5.62
2025-01-09,5.62
2025-01-10,5.72
2025-01-13,5.75
2025-01-14,5.73
2025-01-15,5.60
2025-01-16,5.56
2025-01-17,5.57
2025-01-20,5.57
2025-01-21,5.53
2025-01-22,5.55
2025-01-23,5.57
2025-01-24,5.54
2025-01-27,5.47
2025-01-28,5.47
2025-01-29,5.49
2025-01-30,5.47
2025-01-31,5.51
2025-02-03,5.52
2025-02-04,5.49
2025-02-05,5.42
2025-02-06,5.44
2025-02-07,5.50
2025-02-10,5.50
2025-02-11,5.52
2025-02-12,5.59
2025-02-13,5.50
2025-02-14,5.44
2025-02-17,5.44
2025-02-18,5.49
2025-02-19,5.47
2025-02-20,5.46
2025-02-21,5.40
2025-02-24,5.38
2025-02-25,5.30
2025-02-26,5.28
2025-02-27,5.30
2025-02-28,5.29
2025-03-03,5.26
2025-03-04,5.30
2025-03-05,5.34
2025-03-06,5.35
2025-03-07,5.38
2025-03-10,5.32
2025-03-11,5.39
2025-03-12,5.44
2025-03-13,5.42
2025-03-14,5.44
2025-03-17,5.42
2025-03-18,5.41
2025-03-19,5.35
2025-03-20,5.32
2025-03-21,5.35
2025-03-24,5.40
2025-03-25,5.38
2025-03-26,5.42
2025-03-27,5.43
2025-03-28,5.36
2025-03-31,5.38
2025-04-01,5.35
2025-04-02,5.36
2025-04-03,5.32
2025-04-04,5.38
2025-04-07,5.61
2025-04-08,5.64
2025-04-09,5.74
2025-04-10,5.77
2025-04-11,5.84
2025-04-14,5.70
2025-04-15,5.67
2025-04-16,5.60
2025-04-17,5.61
2025-04-21,5.68
2025-04-22,5.66
2025-04-23,5.62
2025-04-24,5.54
2025-04-25,5.47
2025-04-28,5.41
2025-04-29,5.39
2025-04-30,5.42
2025-05-01,5.49
2025-05-02,5.56
2025-05-05,5.57
2025-05-06,5.54
2025-05-07,5.51
2025-05-08,5.58
2025-05-09,5.56
2025-05-12,5.60
2025-05-13,5.58
2025-05-14,5.61
2025-05-15,5.53
2025-05-16,5.52
2025-05-19,5.51
2025-05-20,5.51
2025-05-21,5.60
2025-05-22,5.57
2025-05-23,5.56
2025-05-26,5.56
2025-05-27,5.49
2025-05-28,5.52
2025-05-29,5.46
2025-05-30,5.43
2025-05-31,5.45
2025-06-02,5.49
2025-06-03,5.48
2025-06-04,5.38
2025-06-05,5.42
2025-06-06,5.51
2025-06-09,5.48
2025-06-10,5.46
2025-06-11,5.40
2025-06-12,5.36
2025-06-13,5.41
2025-06-16,5.43
2025-06-17,5.38
2025-06-18,5.38
2025-06-19,5.38
2025-06-20,5.37
2025-06-23,5.34
2025-06-24,5.29
2025-06-25,5.28
2025-06-26,5.24
2025-06-27,5.26
2025-06-30,5.21
2025-07-01,5.22
2025-07-02,5.22
2025-07-03,5.26
2025-07-04,5.26
2025-07-07,5.30
2025-07-08,5.32
2025-07-09,5.28
2025-07-10,5.28
2025-07-11,5.33
2025-07-14,5.33
2025-07-15,5.37
2025-07-16,5.33
2025-07-17,5.33
2025-07-18,5.30
2025-07-21,5.26
2025-07-22,5.23
2025-07-23,5.27
2025-07-24,5.28
2025-07-25,5.25
2025-07-28,5.27
2025-07-29,5.21
2025-07-30,5.25
2025-07-31,5.27
2025-08-01,5.14
2025-08-04,5.13
2025-08-05,5.13
2025-08-06,5.13
2025-08-07,5.14
2025-08-08,5.17
2025-08-11,5.17
2025-08-12,5.16
2025-08-13,5.09
2025-08-14,5.12
2025-08-15,5.14
2025-08-18,5.15
2025-08-19,5.13
2025-08-20,5.13
2025-08-21,5.17
2025-08-22,5.09
2025-08-25,5.10
2025-08-26,5.09
2025-08-27,5.08
2025-08-28,5.06
2025-08-29,5.08
2025-08-31,5.10
2025-09-01,5.10
2025-09-02,5.15
2025-09-03,5.10
2025-09-04,5.03
2025-09-05,4.97
2025-09-08,4.93
2025-09-09,4.97
2025-09-10,4.94
2025-09-11,4.91
2025-09-12,4.93
2025-09-15,4.89
2025-09-16,4.87
2025-09-17,4.91
2025-09-18,4.93
2025-09-19,4.93
2025-09-22,4.95
2025-09-23,4.92
2025-09-24,4.97
2025-09-25,5.01
2025-09-26,5.00
2025-09-29,4.97
2025-09-30,5.01
2025-10-01,4.97
2025-10-02,4.95
2025-10-03,4.97
2025-10-06,5.00
2025-10-07,4.97
2025-10-08,4.98
2025-10-09,5.01
2025-10-10,4.98
2025-10-13,4.98
2025-10-14,4.93
2025-10-15,4.92
2025-10-16,4.88
2025-10-17,4.90
2025-10-20,4.88
2025-10-21,4.87
2025-10-22,4.88
2025-10-23,4.90
2025-10-24,4.88
2025-10-27,4.86
2025-10-28,4.86
2025-10-29,4.94
2025-10-30,4.97
2025-10-31,5.02
2025-11-03,5.05
2025-11-04,5.04
2025-11-05,5.08
2025-11-06,5.03
2025-11-07,5.04
2025-11-10,5.05
2025-11-11,5.05
2025-11-12,5.02
2025-11-13,5.07
2025-11-14,5.09
2025-11-17,5.08
2025-11-18,5.07
2025-11-19,5.08
2025-11-20,5.05
2025-11-21,5.03
2025-11-24,5.00
2025-11-25,4.96
2025-11-26,4.94
2025-11-27,4.94
2025-11-28,4.96
2025-11-30,4.98
2025-12-01,5.04
2025-12-02,5.01
2025-12-03,4.99
2025-12-04,5.02
2025-12-05,5.04
2025-12-08,5.06
2025-12-09,5.08
2025-12-10,5.02
2025-12-11,5.02
2025-12-12,5.07
2025-12-15,5.05
2025-12-16,5.03
2025-12-17,5.03
2025-12-18,5.00
2025-12-19,5.03
2025-12-22,5.04
2025-12-23,5.04
2025-12-24,5.01
2025-12-26,5.00
2025-12-29,4.98
2025-12-30,4.98
2025-12-31,5.04
2026-01-02,5.05
2026-01-05,5.02
2026-01-06,5.02
2026-01-07,5.01
2026-01-08,5.04
2026-01-09,5.03
2026-01-12,5.04
2026-01-13,5.02
2026-01-14,4.98
2026-01-15,5.00
2026-01-16,5.04
2026-01-19,5.03
2026-01-20,5.08
2026-01-21,5.04
2026-01-22,5.03
2026-01-23,5.02
2026-01-26,5.01
2026-01-27,5.02
2026-01-28,5.02
2026-01-29,5.01
2026-01-30,5.01
2026-01-31,5.04
2026-02-02,5.05
2026-02-03,5.05
2026-02-04,5.06
2026-02-05,5.00
2026-02-06,5.01
2026-02-09,5.00
2026-02-10,4.97
2026-02-11,5.00
2026-02-12,4.94
2026-02-13,4.91
2026-02-16,4.91
2026-02-17,4.92
2026-02-18,4.93
2026-02-19,4.93
2026-02-20,4.93
2026-02-23,4.90
2026-02-24,4.92
2026-02-25,4.92
2026-02-26,4.91
2026-02-27,4.90
2026-02-28,4.92
2026-03-02,5.00
2026-03-03,5.02
2026-03-04,5.02
2026-03-05,5.06
2026-03-06,5.09
2026-03-09,5.07
2026-03-10,5.10
2026-03-11,5.19
2026-03-12,5.28
2026-03-13,5.32
2026-03-16,5.26
2026-03-17,5.23
2026-03-18,5.29
2026-03-19,5.29
2026-03-20,5.40
2026-03-23,5.34
2026-03-24,5.38
2026-03-25,5.32
2026-03-26,5.44
2026-03-27,5.45
2026-03-30,5.38
2026-03-31,5.36
2026-04-01,5.34
2026-04-02,5.31
2026-04-03,5.35
2026-04-06,5.32
2026-04-07,5.30
2026-04-08,5.25
2026-04-09,5.24
2026-04-10,5.26
2026-04-13,5.23
2026-04-14,5.17
2026-04-15,5.19
2026-04-16,5.21
2026-04-17,5.14
2026-04-20,5.16
2026-04-21,5.21
2026-04-22,5.19
