ticker,period_end,frequency,total_debt,short_term_debt,long_term_debt,cash_and_equivalents,net_debt,interest_expense
ARI,2018-03-31,quarterly,1798721000.0,14499000.0,600471000.0,98310000.0,1700411000.0,22740000.0
ARI,2018-06-30,quarterly,3135000000.0,2547937000.0,587063000.0,76384000.0,2471553000.0,28437000.0
ARI,2018-09-30,quarterly,2367045000.0,829103000.0,370174000.0,99188000.0,2267857000.0,31007000.0
ARI,2018-12-31,quarterly,2471522000.0,779399000.0,592000000.0,109806000.0,2361716000.0,32412999.0
ARI,2019-03-31,quarterly,2718431000.0,2159767000.0,558664000.0,109343000.0,2591260000.0,36295000.0
ARI,2019-06-30,quarterly,2864261000.0,1801303000.0,1062958000.0,116472000.0,952961000.0,33511000.0
ARI,2019-09-30,quarterly,3632274000.0,2559318000.0,1072956000.0,160934000.0,1056916000.0,39341000.0
ARI,2019-12-31,quarterly,4127900000.0,812980000.0,1068880000.0,452282000.0,3675618000.0,43779000.0
ARI,2020-03-31,quarterly,4476962000.0,3377256000.0,1099706000.0,582138000.0,685025000.0,41205000.0
ARI,2020-06-30,quarterly,4488939000.0,3440177000.0,1048762000.0,487165000.0,744362000.0,37498000.0
ARI,2020-09-30,quarterly,7992222000.0,3478083000.0,4514139000.0,438234000.0,802193000.0,34824000.0
ARI,2020-12-31,quarterly,7999697000.0,3449665000.0,4550032000.0,325498000.0,909387000.0,35364000.0
ARI,2021-03-31,quarterly,8245025000.0,3430379000.0,4814646000.0,294060000.0,1244804000.0,35664000.0
ARI,2021-06-30,quarterly,9228127000.0,3689659000.0,2056580000.0,204581000.0,1819306000.0,39737000.0
ARI,2021-09-30,quarterly,8726324000.0,3450858000.0,2050196000.0,243414000.0,1774089000.0,42391000.0
ARI,2021-12-31,quarterly,10141953000.0,4159330000.0,2013294000.0,343106000.0,1670188000.0,44730000.0
ARI,2022-03-31,quarterly,10994256000.0,4582019000.0,6412237000.0,215749000.0,6375644000.0,45118000.0
ARI,2022-06-30,quarterly,12219402000.0,5193861000.0,2489574000.0,241619000.0,7441816000.0,56529000.0
ARI,2022-09-30,quarterly,12209538000.0,5364119000.0,2250368000.0,319264000.0,7295223000.0,72302000.0
ARI,2022-12-31,quarterly,7286180000.0,494844000.0,6791336000.0,222030000.0,2076248000.0,96576000.0
ARI,2023-03-31,quarterly,12129669000.0,5332603000.0,6797066000.0,331533000.0,6626144000.0,104868000.0
ARI,2023-06-30,quarterly,9994904000.0,5379274000.0,4615630000.0,308052000.0,6661015000.0,116278000.0
ARI,2023-09-30,quarterly,8980937000.0,5147427000.0,3833510000.0,307845000.0,6421091000.0,121817000.0
ARI,2023-12-31,quarterly,6954825000.0,864177000.0,1403016000.0,225438000.0,6729387000.0,123147000.0
ARI,2024-03-31,quarterly,7012592000.0,701284000.0,1402101000.0,161190000.0,6851402000.0,127887000.0
ARI,2024-06-30,quarterly,7117049000.0,1245809000.0,1477373000.0,174703000.0,6942346000.0,128472000.0
ARI,2024-09-30,quarterly,7117734000.0,1252050000.0,1592909000.0,194287000.0,6923447000.0,134088000.0
ARI,2024-12-31,quarterly,6390203000.0,1004188000.0,1566441000.0,317396000.0,6072807000.0,113502000.0
ARI,2025-03-31,quarterly,6814966000.0,1243269000.0,1595189000.0,166424000.0,6648542000.0,105057000.0
ARI,2025-06-30,quarterly,7815934000.0,1889525000.0,1602746000.0,177623000.0,7638311000.0,124178000.0
ARI,2025-09-30,quarterly,7524344000.0,798703000.0,1628329000.0,245856000.0,7278488000.0,115368000.0
ARI,2025-12-31,quarterly,7918012000.0,701112000.0,1649462000.0,139825000.0,7778187000.0,115486000.0
CENT,2018-03-31,quarterly,691104000.0,20000.0,691084000.0,132265000.0,558839000.0,10575000.0
CENT,2018-06-30,quarterly,691860000.0,119000.0,691741000.0,204388000.0,487472000.0,10597000.0
CENT,2018-09-30,quarterly,692153000.0,122000.0,692031000.0,482106000.0,210047000.0,10619000.0
CENT,2018-12-31,quarterly,692449000.0,117000.0,692332000.0,478737000.0,213712000.0,10614000.0
CENT,2019-03-31,quarterly,697765000.0,5119000.0,692646000.0,329724000.0,368041000.0,10640000.0
CENT,2019-06-30,quarterly,693064000.0,116000.0,692948000.0,445751000.0,247432000.0,10676000.0
CENT,2019-09-30,quarterly,693150000.0,113000.0,693037000.0,497749000.0,195401000.0,10684000.0
CENT,2019-12-31,quarterly,803039000.0,34427000.0,693329000.0,445813000.0,357226000.0,10641000.0
CENT,2020-03-31,quarterly,796888000.0,32506000.0,693622000.0,331555000.0,465333000.0,10753000.0
CENT,2020-06-30,quarterly,797119000.0,31746000.0,693915000.0,495339000.0,301780000.0,11829000.0
CENT,2020-09-30,quarterly,814064000.0,33592000.0,693956000.0,652712000.0,161352000.0,10793000.0
CENT,2020-12-31,quarterly,909581000.0,34931000.0,788921000.0,608285000.0,301296000.0,20975000.0
CENT,2021-03-31,quarterly,1119404000.0,40677000.0,978887000.0,39869000.0,1079535000.0,10222000.0
CENT,2021-06-30,quarterly,1338412000.0,39643000.0,1183591000.0,517052000.0,821360000.0,13131000.0
CENT,2021-09-30,quarterly,1356620000.0,41812000.0,1184683000.0,426422000.0,930198000.0,14269000.0
CENT,2021-12-31,quarterly,1360693000.0,43462000.0,1185057000.0,296038000.0,1064655000.0,14484000.0
CENT,2022-03-31,quarterly,1396045000.0,45143000.0,1185456000.0,54082000.0,1341963000.0,14729000.0
CENT,2022-06-30,quarterly,1387056000.0,46212000.0,1185842000.0,195791000.0,1191265000.0,14422000.0
CENT,2022-09-30,quarterly,1382397000.0,48428000.0,1186245000.0,177442000.0,1204955000.0,14620000.0
CENT,2022-12-31,quarterly,1381559000.0,49649000.0,1186649000.0,87800000.0,1293759000.0,14469000.0
CENT,2023-03-31,quarterly,1397100000.0,49352000.0,1212053000.0,60607000.0,1336493000.0,14876000.0
CENT,2023-06-30,quarterly,1370381000.0,50464000.0,1187498000.0,333139000.0,1037242000.0,14542000.0
CENT,2023-09-30,quarterly,1374421000.0,50844000.0,1187956000.0,488730000.0,885691000.0,13138000.0
CENT,2023-12-31,quarterly,1377302000.0,51501000.0,1189093000.0,341419000.0,1035883000.0,14316000.0
CENT,2024-03-31,quarterly,1375045000.0,51367000.0,1188955000.0,301332000.0,1073713000.0,14376000.0
CENT,2024-06-30,quarterly,1394057000.0,53653000.0,1189366000.0,570398000.0,823659000.0,14720000.0
CENT,2024-09-30,quarterly,1420447000.0,57552000.0,1189809000.0,753550000.0,666897000.0,14115000.0
CENT,2024-12-31,quarterly,1412338000.0,58796000.0,1190271000.0,618020000.0,794318000.0,14470000.0
CENT,2025-03-31,quarterly,1424870000.0,58565000.0,1190724000.0,516675000.0,908195000.0,14510000.0
CENT,2025-06-30,quarterly,1436346000.0,56860000.0,1191179000.0,713049000.0,723297000.0,14360000.0
CENT,2025-09-30,quarterly,1440307000.0,56927000.0,1191641000.0,882488000.0,557819000.0,14357000.0
CENT,2025-12-31,quarterly,1607115000.0,52911000.0,1192092000.0,721150000.0,885965000.0,14511000.0
CNMD,2018-03-31,quarterly,458201000.0,15793000.0,442408000.0,21131000.0,437070000.0,4818000.0
CNMD,2018-06-30,quarterly,449187000.0,16951000.0,432236000.0,23401000.0,425786000.0,5091000.0
CNMD,2018-09-30,quarterly,460945000.0,18045000.0,442900000.0,29691000.0,431254000.0,5214000.0
CNMD,2018-12-31,quarterly,456900000.0,-24588000.0,438564000.0,17511000.0,439389000.0,5529000.0
CNMD,2019-03-31,quarterly,817940000.0,21494000.0,803311000.0,23407000.0,794533000.0,9369000.0
CNMD,2019-06-30,quarterly,809663000.0,19995000.0,796148000.0,22549000.0,787114000.0,11839000.0
CNMD,2019-09-30,quarterly,794171000.0,13482000.0,780689000.0,30068000.0,764103000.0,11174000.0
CNMD,2019-12-31,quarterly,793171000.0,20864000.0,755211000.0,25856000.0,767315000.0,10319000.0
CNMD,2020-03-31,quarterly,786201000.0,13571000.0,772630000.0,24309000.0,761892000.0,9592000.0
CNMD,2020-06-30,quarterly,805618000.0,15193000.0,790425000.0,34983000.0,770635000.0,11401000.0
CNMD,2020-09-30,quarterly,777256000.0,16805000.0,760451000.0,35598000.0,741658000.0,11943000.0
CNMD,2020-12-31,quarterly,776448000.0,26081000.0,734831000.0,27356000.0,749092000.0,11114000.0
CNMD,2021-03-31,quarterly,745396000.0,20076000.0,725320000.0,36769000.0,708627000.0,10351000.0
CNMD,2021-06-30,quarterly,729676000.0,21868000.0,707808000.0,46388000.0,683288000.0,9420000.0
CNMD,2021-09-30,quarterly,715586000.0,12251000.0,703335000.0,31511000.0,684075000.0,8145000.0
CNMD,2021-12-31,quarterly,684656000.0,12249000.0,672407000.0,20847000.0,663809000.0,7569000.0
CNMD,2022-03-31,quarterly,715773000.0,12231000.0,703542000.0,24864000.0,690909000.0,4998000.0
CNMD,2022-06-30,quarterly,982699000.0,272000.0,982427000.0,53152000.0,929547000.0,5928000.0
CNMD,2022-09-30,quarterly,1036675000.0,237000.0,1036438000.0,33354000.0,1003321000.0,8536000.0
CNMD,2022-12-31,quarterly,1054822000.0,69746000.0,985076000.0,28942000.0,1025880000.0,9443000.0
CNMD,2023-03-31,quarterly,1064969000.0,69693000.0,995276000.0,26494000.0,1038475000.0,10255000.0
CNMD,2023-06-30,quarterly,1041107000.0,69632000.0,971475000.0,27848000.0,1013259000.0,9997000.0
CNMD,2023-09-30,quarterly,1012791000.0,70625000.0,942166000.0,30502000.0,982289000.0,10019000.0
CNMD,2023-12-31,quarterly,973848000.0,708000.0,973140000.0,24296000.0,949552000.0,9505000.0
CNMD,2024-03-31,quarterly,990802000.0,692000.0,990110000.0,33855000.0,956947000.0,9594000.0
CNMD,2024-06-30,quarterly,965890000.0,716000.0,965174000.0,28869000.0,937021000.0,9593000.0
CNMD,2024-09-30,quarterly,940811000.0,717000.0,940094000.0,38467000.0,902344000.0,9252000.0
CNMD,2024-12-31,quarterly,905781000.0,715000.0,905066000.0,24459000.0,881322000.0,8857000.0
CNMD,2025-03-31,quarterly,892157000.0,714000.0,891443000.0,35485000.0,856672000.0,8286000.0
CNMD,2025-06-30,quarterly,881825000.0,714000.0,881111000.0,33935000.0,847890000.0,7824000.0
CNMD,2025-09-30,quarterly,853753000.0,746000.0,853007000.0,38929000.0,814824000.0,7606000.0
CNMD,2025-12-31,quarterly,834942000.0,712000.0,834230000.0,40817000.0,794125000.0,7371000.0
ETD,2018-03-31,quarterly,1705000.0,586000.0,,44977000.0,-43272000.0,70000.0
ETD,2018-06-30,quarterly,1680000.0,1168000.0,,22363000.0,-20683000.0,53000.0
ETD,2018-09-30,quarterly,1479000.0,552000.0,,39590000.0,-38111000.0,53000.0
ETD,2018-12-31,quarterly,1334000.0,538000.0,,38763000.0,-37429000.0,81000.0
ETD,2019-03-31,quarterly,9202000.0,544000.0,,25742000.0,-16540000.0,62000.0
ETD,2019-06-30,quarterly,1066000.0,550000.0,,20824000.0,-19758000.0,150000.0
ETD,2019-09-30,quarterly,149897000.0,31244000.0,,45876000.0,104021000.0,19000.0
ETD,2019-12-31,quarterly,151541000.0,33406000.0,,28306000.0,123235000.0,51000.0
ETD,2020-03-31,quarterly,246520000.0,34005000.0,,116868000.0,129652000.0,85000.0
ETD,2020-06-30,quarterly,180062000.0,27830000.0,50000000.0,72276000.0,107786000.0,750000.0
ETD,2020-09-30,quarterly,126860000.0,29706000.0,,61973000.0,64887000.0,440000.0
ETD,2020-12-31,quarterly,127541000.0,31838000.0,,80035000.0,47506000.0,47000.0
ETD,2021-03-31,quarterly,132004000.0,34537000.0,,108956000.0,23048000.0,51000.0
ETD,2021-06-30,quarterly,126094000.0,27395000.0,0.0,104596000.0,21498000.0,48000.0
ETD,2021-09-30,quarterly,118560000.0,27824000.0,,93665000.0,24895000.0,48000.0
ETD,2021-12-31,quarterly,119582000.0,27019000.0,,105207000.0,14375000.0,74000.0
ETD,2022-03-31,quarterly,117426000.0,26269000.0,,104570000.0,22381000.0,61000.0
ETD,2022-06-30,quarterly,116325000.0,26240000.0,,121118000.0,6406000.0,54000.0
ETD,2022-09-30,quarterly,114283000.0,25507000.0,,142444000.0,21405000.0,55000.0
ETD,2022-12-31,quarterly,118351000.0,24645000.0,,140422000.0,32959000.0,50000.0
ETD,2023-03-31,quarterly,132394000.0,25763000.0,,156202000.0,71363000.0,52000.0
ETD,2023-06-30,quarterly,130346000.0,26423000.0,,172707000.0,68216000.0,56000.0
ETD,2023-09-30,quarterly,131632000.0,26797000.0,,163172000.0,74744000.0,61000.0
ETD,2023-12-31,quarterly,128315000.0,26803000.0,,152730000.0,73264000.0,52000.0
ETD,2024-03-31,quarterly,129479000.0,27532000.0,,146218000.0,65617000.0,64000.0
ETD,2024-06-30,quarterly,129278000.0,27723000.0,,161029000.0,59568000.0,68000.0
ETD,2024-09-30,quarterly,126322000.0,27854000.0,,135964000.0,67088000.0,60000.0
ETD,2024-12-31,quarterly,124760000.0,27890000.0,,139124000.0,67685000.0,63000.0
ETD,2025-03-31,quarterly,122858000.0,27794000.0,,172933000.0,57127000.0,60000.0
ETD,2025-06-30,quarterly,124356000.0,27774000.0,,136133000.0,48178000.0,60000.0
ETD,2025-09-30,quarterly,125367000.0,26873000.0,,123633000.0,51719000.0,59000.0
ETD,2025-12-31,quarterly,215898000.0,26396000.0,,139341000.0,151624000.0,60000.0
HOPE,2018-03-31,quarterly,964683000.0,863566000.0,101117000.0,2311668000.0,-511236000.0,30342000.0
HOPE,2018-06-30,quarterly,1131368000.0,837862000.0,293506000.0,2301470000.0,-172858000.0,37091000.0
HOPE,2018-09-30,quarterly,1132885000.0,837896000.0,294989000.0,2376960000.0,-227721000.0,44679000.0
HOPE,2018-12-31,quarterly,1120033000.0,823561000.0,296472000.0,2305871000.0,658146000.0,50133000.0
HOPE,2019-03-31,quarterly,1019851000.0,721896000.0,297955000.0,2431227000.0,405071000.0,53522000.0
HOPE,2019-06-30,quarterly,1055668000.0,1696000.0,299454000.0,2467330000.0,415241000.0,56245000.0
HOPE,2019-09-30,quarterly,988464000.0,1125000.0,300966000.0,2352065000.0,408721000.0,56159000.0
HOPE,2019-12-31,quarterly,928610000.0,626117000.0,927493000.0,2414554000.0,228926000.0,52265000.0
HOPE,2020-03-31,quarterly,1037861000.0,1951000.0,304034000.0,2549897000.0,206666000.0,47577000.0
HOPE,2020-06-30,quarterly,863261000.0,488000.0,305589000.0,3387791000.0,-636926000.0,35247000.0
HOPE,2020-09-30,quarterly,561957000.0,880000.0,307159000.0,2720469000.0,-97521000.0,27583000.0
HOPE,2020-12-31,quarterly,610773000.0,1184000.0,308743000.0,2664832000.0,231552000.0,20973000.0
HOPE,2021-03-31,quarterly,768548000.0,754000.0,319973000.0,2636353000.0,365939000.0,15714000.0
HOPE,2021-06-30,quarterly,572678000.0,107277000.0,520501000.0,3129395000.0,-282547000.0,13627000.0
HOPE,2021-09-30,quarterly,576126000.0,103694000.0,521031000.0,3296841000.0,-63566000.0,12570000.0
HOPE,2021-12-31,quarterly,635446000.0,313883000.0,621563000.0,2982541000.0,305297000.0,11851000.0
HOPE,2022-03-31,quarterly,1104195000.0,782099000.0,1094096000.0,2772859000.0,813723000.0,11696000.0
HOPE,2022-06-30,quarterly,903492000.0,580861000.0,895631000.0,197062000.0,698569000.0,16286000.0
HOPE,2022-09-30,quarterly,1399009000.0,1075838000.0,323171000.0,2328652000.0,1063835000.0,35996000.0
HOPE,2022-12-31,quarterly,1247801000.0,880014000.0,1188713000.0,2479640000.0,740290000.0,73716000.0
HOPE,2023-03-31,quarterly,2454938000.0,2141405000.0,2443533000.0,2212637000.0,230896000.0,102799000.0
HOPE,2023-06-30,quarterly,2375498000.0,2267866000.0,2367632000.0,2302339000.0,65293000.0,136495000.0
HOPE,2023-09-30,quarterly,1959548000.0,1799698000.0,1903675000.0,4494551000.0,-540775000.0,140415000.0
HOPE,2023-12-31,quarterly,1956665000.0,1798669000.0,1903995000.0,4074026000.0,27698000.0,143308000.0
HOPE,2024-03-31,quarterly,953975000.0,807254000.0,904226000.0,3201685000.0,-231321000.0,144627000.0
HOPE,2024-06-30,quarterly,326022000.0,177697000.0,278918000.0,2568835000.0,-328022000.0,126741000.0
HOPE,2024-09-30,quarterly,256264000.0,103948000.0,209249000.0,2601838000.0,-424593000.0,130275000.0
HOPE,2024-12-31,quarterly,392643000.0,254093000.0,348584000.0,458199000.0,-65556000.0,124486000.0
HOPE,2025-03-31,quarterly,250843000.0,111374000.0,209921000.0,737427000.0,-482639000.0,116349000.0
HOPE,2025-06-30,quarterly,200900000.0,29752000.0,140015000.0,689734000.0,-488834000.0,121637000.0
HOPE,2025-09-30,quarterly,223874000.0,29624000.0,135488000.0,454909000.0,-231035000.0,118143000.0
HOPE,2025-12-31,quarterly,395884000.0,284922000.0,395884000.0,2632923000.0,-164175000.0,112801000.0
INVA,2018-03-31,quarterly,484591000.0,484591000.0,484591000.0,56460000.0,457453000.0,7657000.0
INVA,2018-06-30,quarterly,486527000.0,486527000.0,486527000.0,107542000.0,399301000.0,6478000.0
INVA,2018-09-30,quarterly,381002000.0,,381002000.0,55480000.0,332387000.0,5238000.0
INVA,2018-12-31,quarterly,382855000.0,,382855000.0,114908000.0,320438000.0,4581000.0
INVA,2019-03-31,quarterly,386290000.0,616000.0,384744000.0,192178000.0,321139000.0,4617000.0
INVA,2019-06-30,quarterly,386992000.0,317000.0,386675000.0,249663000.0,244723000.0,4661000.0
INVA,2019-09-30,quarterly,388644000.0,,388644000.0,297201000.0,215698000.0,4693000.0
INVA,2019-12-31,quarterly,377120000.0,,377120000.0,350845000.0,99024000.0,4689000.0
INVA,2020-03-31,quarterly,379152000.0,,379152000.0,383951000.0,27171000.0,4516000.0
INVA,2020-06-30,quarterly,381230000.0,,381230000.0,417146000.0,-31917000.0,4561000.0
INVA,2020-09-30,quarterly,383350000.0,,383350000.0,479193000.0,-95843000.0,4603000.0
INVA,2020-12-31,quarterly,410517000.0,25000000.0,385517000.0,246487000.0,139030000.0,4651000.0
INVA,2021-03-31,quarterly,387728000.0,,387728000.0,282890000.0,104838000.0,4694000.0
INVA,2021-06-30,quarterly,389989000.0,126000.0,389989000.0,43265000.0,346724000.0,4745000.0
INVA,2021-09-30,quarterly,392295000.0,,392295000.0,135115000.0,257180000.0,4790000.0
INVA,2021-12-31,quarterly,394759000.0,106000.0,394653000.0,201525000.0,193234000.0,4841000.0
INVA,2022-03-31,quarterly,542668000.0,96638000.0,538747000.0,216802000.0,325866000.0,3010000.0
INVA,2022-06-30,quarterly,543028000.0,96759000.0,443178000.0,283580000.0,259448000.0,3655000.0
INVA,2022-09-30,quarterly,539810000.0,96131000.0,443679000.0,301071000.0,142890000.0,5096000.0
INVA,2022-12-31,quarterly,544065000.0,97509000.0,540373000.0,291049000.0,253016000.0,4028000.0
INVA,2023-03-31,quarterly,445958000.0,1266000.0,444692000.0,144049000.0,300643000.0,4427000.0
INVA,2023-06-30,quarterly,448285000.0,1226000.0,445201000.0,173025000.0,275260000.0,4382000.0
INVA,2023-09-30,quarterly,448882000.0,1211000.0,445718000.0,179997000.0,268885000.0,4396000.0
INVA,2023-12-31,quarterly,449076000.0,1207000.0,446234000.0,193513000.0,255563000.0,5952000.0
INVA,2024-03-31,quarterly,449331000.0,1268000.0,446759000.0,178357000.0,270974000.0,5851000.0
INVA,2024-06-30,quarterly,450716000.0,1451000.0,447282000.0,217003000.0,233713000.0,5802000.0
INVA,2024-09-30,quarterly,450911000.0,193354000.0,255972000.0,260630000.0,190281000.0,5807000.0
INVA,2024-12-31,quarterly,451095000.0,193600000.0,256316000.0,412496000.0,146131000.0,4749000.0
INVA,2025-03-31,quarterly,451256000.0,193495000.0,256670000.0,446880000.0,132166000.0,4711000.0
INVA,2025-06-30,quarterly,450905000.0,192886000.0,257019000.0,497730000.0,53373000.0,4663000.0
INVA,2025-09-30,quarterly,323230000.0,8422000.0,257377000.0,533102000.0,-153283000.0,4015000.0
INVA,2025-12-31,quarterly,269017000.0,418000.0,257731000.0,550941000.0,-281924000.0,3309000.0
LNN,2018-02-28,quarterly,116876000.0,203000.0,116673000.0,102211000.0,14665000.0,1095000.0
LNN,2018-05-31,quarterly,116826000.0,204000.0,116622000.0,111779000.0,5047000.0,1226000.0
LNN,2018-08-31,quarterly,116775000.0,205000.0,116570000.0,160787000.0,-44012000.0,1185000.0
LNN,2018-11-30,quarterly,116724000.0,206000.0,116518000.0,137217000.0,-20493000.0,1205000.0
LNN,2019-02-28,quarterly,116673000.0,207000.0,116466000.0,102778000.0,13895000.0,1178000.0
LNN,2019-05-31,quarterly,116093000.0,208000.0,115885000.0,110839000.0,5254000.0,1169000.0
LNN,2019-08-31,quarterly,116055000.0,209000.0,115846000.0,127204000.0,-11149000.0,1215000.0
LNN,2019-11-30,quarterly,145538000.0,4410000.0,115805000.0,120910000.0,24628000.0,1186000.0
LNN,2020-02-29,quarterly,146685000.0,5001000.0,115765000.0,120012000.0,45413000.0,1191000.0
LNN,2020-05-31,quarterly,147297000.0,5241000.0,115723000.0,121486000.0,44823000.0,1197000.0
LNN,2020-08-31,quarterly,146862000.0,5318000.0,115682000.0,140914000.0,25459000.0,1185000.0
LNN,2020-11-30,quarterly,145722000.0,5218000.0,115641000.0,146426000.0,18920000.0,1201000.0
LNN,2021-02-28,quarterly,139953000.0,4180000.0,115599000.0,130330000.0,29178000.0,1205000.0
LNN,2021-05-31,quarterly,139097000.0,4171000.0,115557000.0,140464000.0,18296000.0,1178000.0
LNN,2021-08-31,quarterly,138023000.0,4208000.0,115514000.0,146711000.0,10916000.0,1167000.0
LNN,2021-11-30,quarterly,137156000.0,4006000.0,115471000.0,114914000.0,52437000.0,1163000.0
LNN,2022-02-28,quarterly,136246000.0,3648000.0,115428000.0,93885000.0,67295000.0,1176000.0
LNN,2022-05-31,quarterly,139622000.0,3550000.0,115384000.0,95687000.0,57865000.0,1006000.0
LNN,2022-08-31,quarterly,138532000.0,3381000.0,115341000.0,116508000.0,33484000.0,924000.0
LNN,2022-11-30,quarterly,137760000.0,3302000.0,115297000.0,110592000.0,38592000.0,909000.0
LNN,2023-02-28,quarterly,137205000.0,3293000.0,115253000.0,106438000.0,39530000.0,1038000.0
LNN,2023-05-31,quarterly,136533000.0,3205000.0,115209000.0,144383000.0,4956000.0,948000.0
LNN,2023-08-31,quarterly,136107000.0,3254000.0,115164000.0,166311000.0,-24648000.0,893000.0
LNN,2023-11-30,quarterly,136530000.0,3664000.0,115120000.0,175659000.0,-22851000.0,877000.0
LNN,2024-02-29,quarterly,135654000.0,3643000.0,115075000.0,150634000.0,2239000.0,830000.0
LNN,2024-05-31,quarterly,135091000.0,3928000.0,115029000.0,152718000.0,-5130000.0,767000.0
LNN,2024-08-31,quarterly,134386000.0,3851000.0,114994000.0,190879000.0,-56493000.0,760000.0
LNN,2024-11-30,quarterly,133590000.0,3818000.0,114948000.0,194066000.0,-60476000.0,752000.0
LNN,2025-02-28,quarterly,136018000.0,4052000.0,114903000.0,186720000.0,-36026000.0,402000.0
LNN,2025-05-31,quarterly,135377000.0,3949000.0,114856000.0,210793000.0,-60740000.0,345000.0
LNN,2025-08-31,quarterly,136510000.0,4346000.0,114810000.0,250575000.0,-114065000.0,334000.0
LNN,2025-11-30,quarterly,135874000.0,4360000.0,114792000.0,199622000.0,-63748000.0,
LNN,2026-02-28,quarterly,138577000.0,4245000.0,114804000.0,186111000.0,-47534000.0,
LPG,2018-03-31,quarterly,759103152.0,67953538.0,694035583.0,103505676.0,655597476.0,10894624.0
LPG,2018-06-30,quarterly,741653103.0,58105841.0,677684689.0,65291784.0,676361319.0,10374281.0
LPG,2018-09-30,quarterly,726536136.0,57445154.0,662567722.0,48244169.0,678291967.0,10152672.0
LPG,2018-12-31,quarterly,711330757.0,54287082.0,647362343.0,34947580.0,676383177.0,10000018.0
LPG,2019-03-31,quarterly,696090786.0,63968414.0,632122372.0,30838684.0,665252102.0,10122260.0
LPG,2019-06-30,quarterly,681907799.0,64588040.0,616874541.0,21717046.0,660190753.0,9697282.0
LPG,2019-09-30,quarterly,666737832.0,64738106.0,601577085.0,46419951.0,620317881.0,9303373.0
LPG,2019-12-31,quarterly,651384090.0,64361937.0,586305003.0,64691247.0,586692843.0,8778905.0
LPG,2020-03-31,quarterly,662124732.0,62553699.0,581919094.0,63309072.0,613735044.0,8325981.0
LPG,2020-06-30,quarterly,672119445.0,62575491.0,594246205.0,157914504.0,529185471.0,9087236.0
LPG,2020-09-30,quarterly,656831653.0,79563332.0,564343412.0,145059032.0,511772621.0,6665144.0
LPG,2020-12-31,quarterly,623958372.0,61330154.0,552103044.0,133593851.0,490364521.0,6087193.0
LPG,2021-03-31,quarterly,609348723.0,61615967.0,539651761.0,79330007.0,530018716.0,5756551.0
LPG,2021-06-30,quarterly,594453073.0,61466846.0,527317928.0,78254455.0,516198618.0,5649774.0
LPG,2021-09-30,quarterly,579784083.0,76139661.0,500391565.0,98105235.0,481678848.0,5557707.0
LPG,2021-12-31,quarterly,586775397.0,79234809.0,506737795.0,115807905.0,470967492.0,7412231.0
LPG,2022-03-31,quarterly,670836322.0,80148935.0,590687387.0,236758927.0,434077395.0,8447683.0
LPG,2022-06-30,quarterly,663444483.0,57714965.0,605106749.0,155518158.0,507926325.0,7958554.0
LPG,2022-09-30,quarterly,646196936.0,55503353.0,589960853.0,141286758.0,504910178.0,11997163.0
LPG,2022-12-31,quarterly,668223463.0,60532758.0,577202083.0,129816670.0,538406793.0,8636387.0
LPG,2023-03-31,quarterly,815557384.0,76518231.0,604256670.0,148797232.0,666760152.0,9211683.0
LPG,2023-06-30,quarterly,796766476.0,76779255.0,591226676.0,155548745.0,641217731.0,10403849.0
LPG,2023-09-30,quarterly,838741228.0,84796254.0,578167289.0,192044128.0,646697100.0,10314881.0
LPG,2023-12-31,quarterly,817690185.0,85375599.0,564686247.0,208460209.0,609229976.0,10076638.0
LPG,2024-03-31,quarterly,796809978.0,86034437.0,551549215.0,294038910.0,514302007.0,9685060.0
LPG,2024-06-30,quarterly,775876840.0,86729732.0,538411109.0,364911003.0,422590334.0,9518430.0
LPG,2024-09-30,quarterly,754815961.0,87438512.0,525241805.0,358522021.0,406187519.0,9438273.0
LPG,2024-12-31,quarterly,733511467.0,88123993.0,512031157.0,324533508.0,418979295.0,8884000.0
LPG,2025-03-31,quarterly,712980417.0,89786903.0,498773969.0,316877584.0,396102833.0,7971721.0
LPG,2025-06-30,quarterly,690377516.0,89508560.0,485497697.0,277921450.0,412456066.0,7714797.0
LPG,2025-09-30,quarterly,698470254.0,101436295.0,472188449.0,268302757.0,430167497.0,7599108.0
LPG,2025-12-31,quarterly,786256976.0,145558667.0,415437178.0,294492379.0,491764597.0,7066278.0
LUMN,2018-03-31,quarterly,37377000000.0,437000000.0,36940000000.0,501000000.0,36876000000.0,535000000.0
LUMN,2018-06-30,quarterly,37315000000.0,437000000.0,36878000000.0,700000000.0,36615000000.0,546000000.0
LUMN,2018-09-30,quarterly,36527000000.0,778000000.0,35749000000.0,390000000.0,36137000000.0,557000000.0
LUMN,2018-12-31,quarterly,36061000000.0,652000000.0,35213000000.0,488000000.0,35573000000.0,539000000.0
LUMN,2019-03-31,quarterly,35490000000.0,1193000000.0,34668000000.0,441000000.0,35049000000.0,523000000.0
LUMN,2019-06-30,quarterly,34788000000.0,2083000000.0,33193000000.0,410000000.0,34378000000.0,518000000.0
LUMN,2019-09-30,quarterly,35125000000.0,2163000000.0,33381000000.0,1404000000.0,33721000000.0,496000000.0
LUMN,2019-12-31,quarterly,36452000000.0,2716000000.0,32394000000.0,1693000000.0,34759000000.0,484000000.0
LUMN,2020-03-31,quarterly,36342000000.0,1545000000.0,33481000000.0,1567000000.0,34775000000.0,449000000.0
LUMN,2020-06-30,quarterly,34773000000.0,3359000000.0,31414000000.0,1766000000.0,33007000000.0,414000000.0
LUMN,2020-09-30,quarterly,32993000000.0,1888000000.0,31105000000.0,526000000.0,32467000000.0,409000000.0
LUMN,2020-12-31,quarterly,34267000000.0,2806000000.0,29410000000.0,406000000.0,33861000000.0,396000000.0
LUMN,2021-03-31,quarterly,31827000000.0,4228000000.0,27599000000.0,486000000.0,31341000000.0,389000000.0
LUMN,2021-06-30,quarterly,31558000000.0,2984000000.0,28574000000.0,937000000.0,30621000000.0,384000000.0
LUMN,2021-09-30,quarterly,30150000000.0,2890000000.0,27260000000.0,637000000.0,29513000000.0,377000000.0
LUMN,2021-12-31,quarterly,31174000000.0,1939000000.0,27428000000.0,354000000.0,30820000000.0,372000000.0
LUMN,2022-03-31,quarterly,28936000000.0,539000000.0,28397000000.0,368000000.0,28568000000.0,352000000.0
LUMN,2022-06-30,quarterly,28521000000.0,556000000.0,27965000000.0,361000000.0,28160000000.0,337000000.0
LUMN,2022-09-30,quarterly,25634000000.0,3870000000.0,21764000000.0,253000000.0,25381000000.0,363000000.0
LUMN,2022-12-31,quarterly,22004000000.0,498000000.0,20418000000.0,1251000000.0,20753000000.0,280000000.0
LUMN,2023-03-31,quarterly,20222000000.0,479000000.0,19743000000.0,1148000000.0,19074000000.0,279000000.0
LUMN,2023-06-30,quarterly,20376000000.0,477000000.0,19899000000.0,411000000.0,19965000000.0,294000000.0
LUMN,2023-09-30,quarterly,20191000000.0,451000000.0,19740000000.0,311000000.0,19880000000.0,295000000.0
LUMN,2023-12-31,quarterly,21296000000.0,425000000.0,19831000000.0,2234000000.0,19062000000.0,290000000.0
LUMN,2024-03-31,quarterly,18959000000.0,368000000.0,18591000000.0,1582000000.0,17377000000.0,291000000.0
LUMN,2024-06-30,quarterly,18884000000.0,473000000.0,18411000000.0,1497000000.0,17387000000.0,373000000.0
LUMN,2024-09-30,quarterly,18820000000.0,678000000.0,18142000000.0,2640000000.0,16180000000.0,351000000.0
LUMN,2024-12-31,quarterly,19118000000.0,665000000.0,17494000000.0,1889000000.0,17229000000.0,357000000.0
LUMN,2025-03-31,quarterly,17927000000.0,593000000.0,17334000000.0,1900000000.0,16027000000.0,347000000.0
LUMN,2025-06-30,quarterly,18171000000.0,606000000.0,17565000000.0,1568000000.0,16603000000.0,338000000.0
LUMN,2025-09-30,quarterly,17945000000.0,367000000.0,17578000000.0,2401000000.0,15544000000.0,319000000.0
LUMN,2025-12-31,quarterly,17707000000.0,354000000.0,17353000000.0,1003000000.0,16704000000.0,280000000.0
MRCY,2018-03-31,quarterly,195000000.0,195000000.0,195000000.0,44217000.0,150783000.0,999000.0
MRCY,2018-06-30,quarterly,195000000.0,195000000.0,195000000.0,66521000.0,128479000.0,1749000.0
MRCY,2018-09-30,quarterly,240000000.0,,240000000.0,72869000.0,167131000.0,2259000.0
MRCY,2018-12-31,quarterly,240000000.0,,240000000.0,93903000.0,146097000.0,2196000.0
MRCY,2019-03-31,quarterly,276500000.0,,276500000.0,112515000.0,163985000.0,2473000.0
MRCY,2019-06-30,quarterly,,,,257932000.0,-257932000.0,2181000.0
MRCY,2019-09-30,quarterly,53063000.0,1172000.0,,161299000.0,-108236000.0,1187000.0
MRCY,2019-12-31,quarterly,55257000.0,1397000.0,,182037000.0,-126780000.0,312000.0
MRCY,2020-03-31,quarterly,267028000.0,1751000.0,200000000.0,407146000.0,-140118000.0,58000.0
MRCY,2020-06-30,quarterly,66981000.0,4117000.0,,226838000.0,-159857000.0,948000.0
MRCY,2020-09-30,quarterly,68274000.0,,,239122000.0,-170848000.0,
MRCY,2020-12-31,quarterly,244335000.0,4117000.0,160000000.0,109113000.0,135222000.0,73000.0
MRCY,2021-03-31,quarterly,230619000.0,70619000.0,160000000.0,121943000.0,108676000.0,549000.0
MRCY,2021-06-30,quarterly,271508000.0,10020000.0,200000000.0,113839000.0,157669000.0,600000.0
MRCY,2021-09-30,quarterly,272010000.0,,200000000.0,95804000.0,176206000.0,595000.0
MRCY,2021-12-31,quarterly,526608000.0,,451500000.0,105169000.0,421439000.0,1094000.0
MRCY,2022-03-31,quarterly,523936000.0,,451500000.0,91694000.0,432242000.0,1664000.0
MRCY,2022-06-30,quarterly,521388000.0,11246000.0,451500000.0,65654000.0,455734000.0,2453000.0
MRCY,2022-09-30,quarterly,578761000.0,,511500000.0,51981000.0,526780000.0,4547000.0
MRCY,2022-12-31,quarterly,575194000.0,,511500000.0,76944000.0,498250000.0,6590000.0
MRCY,2023-03-31,quarterly,579599000.0,,511500000.0,64441000.0,515158000.0,6711000.0
MRCY,2023-06-30,quarterly,588731000.0,10434000.0,511500000.0,71563000.0,517168000.0,7311000.0
MRCY,2023-09-30,quarterly,640668000.0,,576500000.0,89369000.0,551299000.0,7863000.0
MRCY,2023-12-31,quarterly,684752000.0,5753000.0,616500000.0,168646000.0,516106000.0,9159000.0
MRCY,2024-03-31,quarterly,681973000.0,27967000.0,616500000.0,142645000.0,539328000.0,8906000.0
MRCY,2024-06-30,quarterly,654084000.0,11614000.0,591500000.0,180521000.0,473563000.0,9159000.0
MRCY,2024-09-30,quarterly,651298000.0,1115000.0,591500000.0,158123000.0,493175000.0,8906000.0
MRCY,2024-12-31,quarterly,649305000.0,,591500000.0,242565000.0,406740000.0,8430000.0
MRCY,2025-03-31,quarterly,646815000.0,,591500000.0,269822000.0,376993000.0,8068000.0
MRCY,2025-06-30,quarterly,644238000.0,11810000.0,591500000.0,309099000.0,335139000.0,8026000.0
MRCY,2025-09-30,quarterly,645130000.0,,591500000.0,304716000.0,340414000.0,7886000.0
MRCY,2025-12-31,quarterly,674715000.0,32255000.0,591500000.0,334990000.0,339725000.0,7849000.0
MWA,2018-03-31,quarterly,479000000.0,5600000.0,473400000.0,323900000.0,155100000.0,5900000.0
MWA,2018-06-30,quarterly,445300000.0,800000.0,444500000.0,331500000.0,113800000.0,6500000.0
MWA,2018-09-30,quarterly,445000000.0,700000.0,444300000.0,347100000.0,97900000.0,6700000.0
MWA,2018-12-31,quarterly,445600000.0,800000.0,444800000.0,198800000.0,246800000.0,6900000.0
MWA,2019-03-31,quarterly,445700000.0,800000.0,444900000.0,134300000.0,311400000.0,6600000.0
MWA,2019-06-30,quarterly,446200000.0,900000.0,445300000.0,140700000.0,305500000.0,4800000.0
MWA,2019-09-30,quarterly,446300000.0,900000.0,445400000.0,176700000.0,269600000.0,4900000.0
MWA,2019-12-31,quarterly,446400000.0,900000.0,445500000.0,136800000.0,309600000.0,7900000.0
MWA,2020-03-31,quarterly,475700000.0,5500000.0,446200000.0,111300000.0,364400000.0,6300000.0
MWA,2020-06-30,quarterly,475600000.0,5400000.0,446400000.0,170700000.0,304900000.0,6200000.0
MWA,2020-09-30,quarterly,474900000.0,5100000.0,446500000.0,208900000.0,266000000.0,6100000.0
MWA,2020-12-31,quarterly,474500000.0,4900000.0,446600000.0,220800000.0,253700000.0,6300000.0
MWA,2021-03-31,quarterly,474000000.0,4900000.0,446600000.0,228200000.0,245800000.0,6200000.0
MWA,2021-06-30,quarterly,472200000.0,4800000.0,445600000.0,228600000.0,243600000.0,6900000.0
MWA,2021-09-30,quarterly,475500000.0,5000000.0,445900000.0,227500000.0,248000000.0,4400000.0
MWA,2021-12-31,quarterly,474300000.0,4600000.0,445900000.0,207300000.0,267000000.0,4400000.0
MWA,2022-03-31,quarterly,473900000.0,4800000.0,446100000.0,164100000.0,309800000.0,4600000.0
MWA,2022-06-30,quarterly,474500000.0,5100000.0,446100000.0,154900000.0,319600000.0,4300000.0
MWA,2022-09-30,quarterly,473700000.0,5200000.0,446100000.0,146500000.0,327200000.0,4300000.0
MWA,2022-12-31,quarterly,473300000.0,5600000.0,446100000.0,125600000.0,347700000.0,4400000.0
MWA,2023-03-31,quarterly,472900000.0,5700000.0,446600000.0,89200000.0,383700000.0,4400000.0
MWA,2023-06-30,quarterly,473800000.0,5900000.0,446700000.0,141200000.0,332600000.0,4700000.0
MWA,2023-09-30,quarterly,472100000.0,5600000.0,446700000.0,160300000.0,311800000.0,4900000.0
MWA,2023-12-31,quarterly,478500000.0,5900000.0,446800000.0,216700000.0,261800000.0,5100000.0
MWA,2024-03-31,quarterly,478000000.0,5900000.0,448000000.0,179200000.0,298800000.0,5100000.0
MWA,2024-06-30,quarterly,478000000.0,6200000.0,448200000.0,243300000.0,234700000.0,5100000.0
MWA,2024-09-30,quarterly,477500000.0,6300000.0,448700000.0,309900000.0,167600000.0,6200000.0
MWA,2024-12-31,quarterly,477200000.0,6500000.0,448700000.0,338200000.0,139000000.0,5000000.0
MWA,2025-03-31,quarterly,478300000.0,6900000.0,449500000.0,329200000.0,149100000.0,5100000.0
MWA,2025-06-30,quarterly,479100000.0,7100000.0,449800000.0,372000000.0,107100000.0,4800000.0
MWA,2025-09-30,quarterly,451600000.0,2400000.0,447500000.0,431500000.0,20100000.0,5100000.0
MWA,2025-12-31,quarterly,450900000.0,1400000.0,450900000.0,459600000.0,-8700000.0,1000000.0
NSSC,2018-03-31,quarterly,2000000.0,2000000.0,2000000.0,4347000.0,-2347000.0,19000.0
NSSC,2018-06-30,quarterly,0.0,0.0,0.0,5308000.0,-5308000.0,14000.0
NSSC,2018-09-30,quarterly,0.0,0.0,0.0,7469000.0,-7469000.0,7000.0
NSSC,2018-12-31,quarterly,0.0,0.0,0.0,7921000.0,-7921000.0,6000.0
NSSC,2019-03-31,quarterly,0.0,0.0,0.0,5499000.0,-5499000.0,5000.0
NSSC,2019-06-30,quarterly,,,,8028000.0,-8028000.0,3000.0
NSSC,2019-09-30,quarterly,7384000.0,,,10774000.0,-3390000.0,7000.0
NSSC,2019-12-31,quarterly,7123000.0,,,11778000.0,-4655000.0,9000.0
NSSC,2020-03-31,quarterly,7118000.0,,,11040000.0,-3922000.0,5000.0
NSSC,2020-06-30,quarterly,11017000.0,1794000.0,2110000.0,18248000.0,-7231000.0,6000.0
NSSC,2020-09-30,quarterly,11011000.0,434000.0,3470000.0,21870000.0,-10859000.0,6000.0
NSSC,2020-12-31,quarterly,11006000.0,1084000.0,2820000.0,26796000.0,-15790000.0,3000.0
NSSC,2021-03-31,quarterly,11000000.0,1735000.0,2169000.0,34071000.0,-17710000.0,44000.0
NSSC,2021-06-30,quarterly,10994000.0,2386000.0,1518000.0,40219000.0,-23812000.0,48000.0
NSSC,2021-09-30,quarterly,7085000.0,,,43179000.0,-30659000.0,7825000.0
NSSC,2021-12-31,quarterly,7079000.0,,,47368000.0,-34872000.0,58000.0
NSSC,2022-03-31,quarterly,7073000.0,2386000.0,1518000.0,47372000.0,-35054000.0,177000.0
NSSC,2022-06-30,quarterly,7068000.0,,,46798000.0,-34662000.0,181000.0
NSSC,2022-09-30,quarterly,5836000.0,,,44399000.0,-23612000.0,103000.0
NSSC,2022-12-31,quarterly,5786000.0,,,47103000.0,-26221000.0,187000.0
NSSC,2023-03-31,quarterly,5737000.0,,,56941000.0,-25778000.0,437000.0
NSSC,2023-06-30,quarterly,5512000.0,,,97719000.0,-59829000.0,103000.0
NSSC,2023-09-30,quarterly,5460000.0,,,102188000.0,-80136000.0,440000.0
NSSC,2023-12-31,quarterly,5417000.0,,,99195000.0,-80602000.0,729000.0
NSSC,2024-03-31,quarterly,5376000.0,,,89297000.0,-68037000.0,
NSSC,2024-06-30,quarterly,5335000.0,,,99176000.0,-77746000.0,762000.0
NSSC,2024-09-30,quarterly,5460000.0,,,102188000.0,-80136000.0,1144000.0
NSSC,2024-12-31,quarterly,5417000.0,,,99195000.0,-80602000.0,
NSSC,2025-03-31,quarterly,5376000.0,,,89297000.0,-68037000.0,
NSSC,2025-06-30,quarterly,5335000.0,,,99176000.0,-77746000.0,
NSSC,2025-09-30,quarterly,5295000.0,,,105758000.0,-90105000.0,
NSSC,2025-12-31,quarterly,5255000.0,,,115381000.0,-99664000.0,
OI,2018-03-31,quarterly,5834000000.0,194000000.0,5655000000.0,418000000.0,5416000000.0,62000000.0
OI,2018-06-30,quarterly,5668000000.0,291000000.0,5385000000.0,365000000.0,5303000000.0,74000000.0
OI,2018-09-30,quarterly,5639000000.0,152000000.0,5498000000.0,440000000.0,5199000000.0,63000000.0
OI,2018-12-31,quarterly,5341000000.0,160000000.0,5143000000.0,512000000.0,4829000000.0,62000000.0
OI,2019-03-31,quarterly,5911000000.0,158000000.0,5783000000.0,326000000.0,5585000000.0,65000000.0
OI,2019-06-30,quarterly,6331000000.0,169000000.0,6235000000.0,371000000.0,5960000000.0,68000000.0
OI,2019-09-30,quarterly,5888000000.0,445000000.0,5512000000.0,273000000.0,5615000000.0,83000000.0
OI,2019-12-31,quarterly,5559000000.0,124000000.0,5435000000.0,551000000.0,5008000000.0,96000000.0
OI,2020-03-31,quarterly,6398000000.0,283000000.0,6115000000.0,891000000.0,5507000000.0,53000000.0
OI,2020-06-30,quarterly,6507000000.0,404000000.0,6103000000.0,1067000000.0,5440000000.0,98000000.0
OI,2020-09-30,quarterly,5375000000.0,212000000.0,5163000000.0,606000000.0,4769000000.0,61000000.0
OI,2020-12-31,quarterly,5142000000.0,197000000.0,4945000000.0,563000000.0,4579000000.0,53000000.0
OI,2021-03-31,quarterly,5348000000.0,180000000.0,5168000000.0,742000000.0,4606000000.0,51000000.0
OI,2021-06-30,quarterly,5062000000.0,85000000.0,4977000000.0,531000000.0,4531000000.0,52000000.0
OI,2021-09-30,quarterly,4932000000.0,79000000.0,4853000000.0,628000000.0,4304000000.0,50000000.0
OI,2021-12-31,quarterly,4825000000.0,72000000.0,4753000000.0,725000000.0,4100000000.0,63000000.0
OI,2022-03-31,quarterly,4688000000.0,67000000.0,4621000000.0,519000000.0,4169000000.0,66000000.0
OI,2022-06-30,quarterly,4492000000.0,65000000.0,4427000000.0,661000000.0,3831000000.0,46000000.0
OI,2022-09-30,quarterly,4611000000.0,331000000.0,4280000000.0,523000000.0,4088000000.0,63000000.0
OI,2022-12-31,quarterly,4716000000.0,345000000.0,4371000000.0,773000000.0,3943000000.0,64000000.0
OI,2023-03-31,quarterly,4767000000.0,345000000.0,4422000000.0,480000000.0,4287000000.0,68000000.0
OI,2023-06-30,quarterly,5020000000.0,242000000.0,4778000000.0,754000000.0,4266000000.0,118000000.0
OI,2023-09-30,quarterly,4913000000.0,159000000.0,4754000000.0,792000000.0,4121000000.0,78000000.0
OI,2023-12-31,quarterly,4946000000.0,248000000.0,4698000000.0,913000000.0,4033000000.0,79000000.0
OI,2024-03-31,quarterly,4934000000.0,815000000.0,4119000000.0,395000000.0,4539000000.0,78000000.0
OI,2024-06-30,quarterly,5148000000.0,500000000.0,4648000000.0,671000000.0,4477000000.0,87000000.0
OI,2024-09-30,quarterly,5246000000.0,537000000.0,4709000000.0,755000000.0,4491000000.0,87000000.0
OI,2024-12-31,quarterly,4969000000.0,416000000.0,4553000000.0,734000000.0,4235000000.0,83000000.0
OI,2025-03-31,quarterly,5012000000.0,226000000.0,4786000000.0,424000000.0,4588000000.0,81000000.0
OI,2025-06-30,quarterly,5134000000.0,236000000.0,4898000000.0,487000000.0,4647000000.0,85000000.0
OI,2025-09-30,quarterly,5116000000.0,170000000.0,4946000000.0,556000000.0,4560000000.0,94000000.0
OI,2025-12-31,quarterly,4999000000.0,162000000.0,4837000000.0,759000000.0,4240000000.0,84000000.0
PRSU,2018-03-31,quarterly,231318000.0,178252000.0,,42340000.0,188978000.0,2069000.0
PRSU,2018-06-30,quarterly,239478000.0,190967000.0,,49386000.0,190092000.0,2354000.0
PRSU,2018-09-30,quarterly,200174000.0,155756000.0,,55470000.0,144704000.0,2608000.0
PRSU,2018-12-31,quarterly,230121000.0,229416000.0,,44893000.0,185228000.0,2609000.0
PRSU,2019-03-31,quarterly,312042000.0,263149000.0,,43473000.0,268569000.0,2915000.0
PRSU,2019-06-30,quarterly,386281000.0,336086000.0,,45578000.0,340703000.0,2957000.0
PRSU,2019-09-30,quarterly,429391000.0,321466000.0,,56638000.0,372753000.0,3740000.0
PRSU,2019-12-31,quarterly,445523000.0,27510000.0,,61999000.0,383524000.0,4587000.0
PRSU,2020-03-31,quarterly,538239000.0,441538000.0,,130528000.0,407711000.0,4018000.0
PRSU,2020-06-30,quarterly,571382000.0,23811000.0,,154216000.0,417166000.0,5186000.0
PRSU,2020-09-30,quarterly,347752000.0,21912000.0,,56452000.0,291300000.0,5450000.0
PRSU,2020-12-31,quarterly,379538000.0,24032000.0,,39545000.0,339993000.0,3552000.0
PRSU,2021-03-31,quarterly,457780000.0,17484000.0,,34714000.0,423066000.0,5118000.0
PRSU,2021-06-30,quarterly,490462000.0,14771000.0,,37037000.0,453425000.0,5565000.0
PRSU,2021-09-30,quarterly,551603000.0,19276000.0,,110756000.0,440847000.0,9518000.0
PRSU,2021-12-31,quarterly,565237000.0,25251000.0,,61600000.0,503637000.0,8272000.0
PRSU,2022-03-31,quarterly,574353000.0,24872000.0,,57902000.0,516451000.0,24950000.0
PRSU,2022-06-30,quarterly,588995000.0,22429000.0,,54516000.0,534479000.0,7761000.0
PRSU,2022-09-30,quarterly,586397000.0,30572000.0,,79151000.0,507246000.0,10252000.0
PRSU,2022-12-31,quarterly,584704000.0,26655000.0,,59719000.0,524985000.0,11001000.0
PRSU,2023-03-31,quarterly,581369000.0,25474000.0,,50818000.0,530551000.0,12249000.0
PRSU,2023-06-30,quarterly,592094000.0,23469000.0,,53179000.0,538915000.0,12356000.0
PRSU,2023-09-30,quarterly,593293000.0,23045000.0,460181000.0,106268000.0,487025000.0,12476000.0
PRSU,2023-12-31,quarterly,490056000.0,9842000.0,442175000.0,27435000.0,462621000.0,10897000.0
PRSU,2024-03-31,quarterly,601233000.0,34888000.0,462490000.0,48799000.0,552434000.0,11845000.0
PRSU,2024-06-30,quarterly,599078000.0,30274000.0,469348000.0,59381000.0,539697000.0,3937000.0
PRSU,2024-09-30,quarterly,504510000.0,26121000.0,381887000.0,64552000.0,439958000.0,11428000.0
PRSU,2024-12-31,quarterly,112733000.0,4954000.0,71443000.0,49702000.0,63031000.0,13028000.0
PRSU,2025-03-31,quarterly,117365000.0,5689000.0,17113000.0,22801000.0,94564000.0,1464000.0
PRSU,2025-06-30,quarterly,124734000.0,6337000.0,23222000.0,24742000.0,99992000.0,1928000.0
PRSU,2025-09-30,quarterly,200120000.0,5905000.0,,34389000.0,165731000.0,2835000.0
PRSU,2025-12-31,quarterly,195221000.0,4862000.0,155020000.0,31118000.0,164103000.0,2596000.0
RNG,2018-03-31,quarterly,356517000.0,2504000.0,352004000.0,554963000.0,-198446000.0,1411000.0
RNG,2018-06-30,quarterly,360560000.0,1886000.0,356788000.0,567280000.0,-206720000.0,4836000.0
RNG,2018-09-30,quarterly,365409000.0,1886000.0,361637000.0,577283000.0,-211874000.0,4916000.0
RNG,2018-12-31,quarterly,366552000.0,,366552000.0,566329000.0,-199777000.0,4939000.0
RNG,2019-03-31,quarterly,407164000.0,11937000.0,371534000.0,549030000.0,-141866000.0,5032000.0
RNG,2019-06-30,quarterly,414586000.0,13092000.0,376583000.0,567668000.0,-153082000.0,5088000.0
RNG,2019-09-30,quarterly,426424000.0,13626000.0,381701000.0,582663000.0,-156239000.0,5160000.0
RNG,2019-12-31,quarterly,429654000.0,14249000.0,386889000.0,343606000.0,86048000.0,5232000.0
RNG,2020-03-31,quarterly,1084110000.0,15092000.0,1041991000.0,762064000.0,322046000.0,7502000.0
RNG,2020-06-30,quarterly,1094083000.0,60214000.0,1008477000.0,773756000.0,320327000.0,12598000.0
RNG,2020-09-30,quarterly,1463434000.0,30563000.0,1394898000.0,745558000.0,717876000.0,12680000.0
RNG,2020-12-31,quarterly,1461457000.0,47415000.0,1375320000.0,639853000.0,821604000.0,16501000.0
RNG,2021-03-31,quarterly,1440591000.0,53729000.0,1350792000.0,463067000.0,977524000.0,16278000.0
RNG,2021-06-30,quarterly,1418102000.0,17080000.0,1366508000.0,325297000.0,1092805000.0,15942000.0
RNG,2021-09-30,quarterly,1433771000.0,17189000.0,1382406000.0,345152000.0,1088619000.0,15977000.0
RNG,2021-12-31,quarterly,1448987000.0,18686000.0,1398489000.0,267162000.0,1181825000.0,16185000.0
RNG,2022-03-31,quarterly,1682245000.0,18973000.0,1635059000.0,301929000.0,1380316000.0,1232000.0
RNG,2022-06-30,quarterly,1679486000.0,17875000.0,1636175000.0,306497000.0,1372989000.0,1203000.0
RNG,2022-09-30,quarterly,1676326000.0,16685000.0,1637293000.0,305383000.0,1370943000.0,1178000.0
RNG,2022-12-31,quarterly,1676106000.0,17513000.0,1638411000.0,269984000.0,1406122000.0,1194000.0
RNG,2023-03-31,quarterly,1675773000.0,17852000.0,1639530000.0,274804000.0,1400969000.0,2212000.0
RNG,2023-06-30,quarterly,1612382000.0,36992000.0,1558794000.0,225351000.0,1387031000.0,5118000.0
RNG,2023-09-30,quarterly,1835280000.0,35451000.0,1781252000.0,432352000.0,1402928000.0,12162000.0
RNG,2023-12-31,quarterly,1789816000.0,36707000.0,1525482000.0,222195000.0,1567621000.0,16505000.0
RNG,2024-03-31,quarterly,1584571000.0,198498000.0,1360457000.0,203130000.0,1381441000.0,16254000.0
RNG,2024-06-30,quarterly,1585451000.0,198689000.0,1356254000.0,199328000.0,1386123000.0,16021000.0
RNG,2024-09-30,quarterly,1581738000.0,199851000.0,1352057000.0,212652000.0,1369086000.0,16393000.0
RNG,2024-12-31,quarterly,1579311000.0,201697000.0,1347881000.0,242811000.0,1336500000.0,16327000.0
RNG,2025-03-31,quarterly,1408968000.0,650102000.0,736250000.0,154436000.0,1254532000.0,16115000.0
RNG,2025-06-30,quarterly,1302723000.0,650484000.0,632903000.0,168113000.0,1134610000.0,16466000.0
RNG,2025-09-30,quarterly,1298272000.0,645478000.0,633112000.0,145371000.0,1152901000.0,13940000.0
RNG,2025-12-31,quarterly,1481989000.0,624216000.0,629580000.0,132564000.0,1349425000.0,13758000.0
SFBS,2018-03-31,quarterly,64839000.0,100000.0,64739000.0,678858000.0,-53484000.0,11573000.0
SFBS,2018-06-30,quarterly,391955000.0,327307000.0,64648000.0,733635000.0,-85438000.0,13874000.0
SFBS,2018-09-30,quarterly,375408000.0,310751000.0,64657000.0,714809000.0,-72131000.0,17195000.0
SFBS,2018-12-31,quarterly,353391000.0,288725000.0,64666000.0,1048234000.0,-104659000.0,21306000.0
SFBS,2019-03-31,quarterly,438053000.0,373378000.0,64675000.0,1249790000.0,-180041000.0,24921000.0
SFBS,2019-06-30,quarterly,524133000.0,459449000.0,64684000.0,1135864000.0,46240000.0,27702000.0
SFBS,2019-09-30,quarterly,434924000.0,370231000.0,64693000.0,1260450000.0,-137505000.0,28125000.0
SFBS,2019-12-31,quarterly,535452000.0,470749000.0,64703000.0,1289526000.0,5325000.0,22410000.0
SFBS,2020-03-31,quarterly,608330000.0,543623000.0,64707000.0,1205186000.0,229926000.0,19127000.0
SFBS,2020-06-30,quarterly,700321000.0,635606000.0,64715000.0,2402703000.0,-846254000.0,11846000.0
SFBS,2020-09-30,quarterly,734069000.0,669350000.0,64719000.0,2535118000.0,-888000000.0,11028000.0
SFBS,2020-12-31,quarterly,951686000.0,886938000.0,64748000.0,3096328000.0,-2144892000.0,8984000.0
SFBS,2021-03-31,quarterly,1026820000.0,962129000.0,64691000.0,3770032000.0,-2743462000.0,8031000.0
SFBS,2021-06-30,quarterly,64946000.0,250000.0,64696000.0,4186809000.0,-3108580000.0,8051000.0
SFBS,2021-09-30,quarterly,325977000.0,261276000.0,64701000.0,5123110000.0,-4335085000.0,7916000.0
SFBS,2021-12-31,quarterly,527663000.0,462957000.0,64706000.0,5006294000.0,-4099018000.0,7804000.0
SFBS,2022-03-31,quarterly,1703949000.0,1639238000.0,64711000.0,4203424000.0,-1714802000.0,7466000.0
SFBS,2022-06-30,quarterly,1455969000.0,1391253000.0,64716000.0,2311612000.0,-1522433000.0,10187000.0
SFBS,2022-09-30,quarterly,1531043000.0,1466322000.0,65406000.0,1071773000.0,1125033000.0,22881000.0
SFBS,2022-12-31,quarterly,1683524000.0,1618798000.0,64726000.0,1459353000.0,868986000.0,47889000.0
SFBS,2023-03-31,quarterly,1549441000.0,1484024000.0,65417000.0,764123000.0,-799076000.0,73021000.0
SFBS,2023-06-30,quarterly,1365134000.0,1300397000.0,64737000.0,1098172000.0,-894997000.0,88405000.0
SFBS,2023-09-30,quarterly,1435040000.0,1370289000.0,64751000.0,2808876000.0,-539034000.0,113508000.0
SFBS,2023-12-31,quarterly,1321459000.0,1256724000.0,64735000.0,2856440000.0,-709054000.0,127375000.0
SFBS,2024-03-31,quarterly,1410065000.0,1345328000.0,64737000.0,2354203000.0,129791000.0,124215000.0
SFBS,2024-06-30,quarterly,1161893000.0,1097154000.0,64739000.0,2440019000.0,-103740000.0,121665000.0
SFBS,2024-09-30,quarterly,1607364000.0,1542623000.0,64741000.0,2895696000.0,-149325000.0,132858000.0
SFBS,2024-12-31,quarterly,2058471000.0,1993728000.0,64743000.0,2818590000.0,-317118000.0,120724000.0
SFBS,2025-03-31,quarterly,2423071000.0,2358326000.0,64745000.0,3798263000.0,-917327000.0,117543000.0
SFBS,2025-06-30,quarterly,1663882000.0,1599135000.0,64747000.0,1824586000.0,286738000.0,114948000.0
SFBS,2025-09-30,quarterly,1552900000.0,1488150000.0,64750000.0,1722025000.0,217364000.0,117860000.0
SFBS,2025-12-31,quarterly,1506378000.0,1471628000.0,34750000.0,1163952000.0,1411251000.0,104867000.0
SFBS,2026-03-31,quarterly,,,,1137712000.0,-100561000.0,93332000.0
SMPL,2018-02-28,quarterly,219526000.0,3731000.0,191522000.0,79010000.0,140516000.0,3093000.0
SMPL,2018-05-31,quarterly,219652000.0,3243000.0,191084000.0,88361000.0,131291000.0,3057000.0
SMPL,2018-08-31,quarterly,191583000.0,648000.0,190935000.0,111971000.0,79612000.0,3382000.0
SMPL,2018-11-30,quarterly,191417000.0,650000.0,190767000.0,210761000.0,-19344000.0,3261000.0
SMPL,2019-02-28,quarterly,191251000.0,653000.0,190598000.0,218897000.0,-27646000.0,3344000.0
SMPL,2019-05-31,quarterly,191084000.0,655000.0,190429000.0,247618000.0,-56534000.0,3428000.0
SMPL,2019-08-31,quarterly,190935000.0,676000.0,190259000.0,266341000.0,-75406000.0,3594000.0
SMPL,2019-11-30,quarterly,669692000.0,9574000.0,638034000.0,72711000.0,596981000.0,4969000.0
SMPL,2020-02-29,quarterly,652129000.0,4211000.0,623290000.0,46115000.0,606014000.0,10589000.0
SMPL,2020-05-31,quarterly,677802000.0,28834000.0,624752000.0,111134000.0,566668000.0,8324000.0
SMPL,2020-08-31,quarterly,624243000.0,4600000.0,596879000.0,95847000.0,528396000.0,8931000.0
SMPL,2020-11-30,quarterly,599435000.0,4630000.0,572923000.0,91476000.0,507959000.0,8372000.0
SMPL,2021-02-28,quarterly,574277000.0,4513000.0,548884000.0,91307000.0,482970000.0,7995000.0
SMPL,2021-05-31,quarterly,597161000.0,282000.0,500154000.0,90173000.0,410263000.0,7985000.0
SMPL,2021-08-31,quarterly,500232000.0,4073000.0,451269000.0,75345000.0,424887000.0,7205000.0
SMPL,2021-11-30,quarterly,480377000.0,5063000.0,426686000.0,35447000.0,444930000.0,6371000.0
SMPL,2022-02-28,quarterly,479037000.0,5489000.0,426916000.0,51469000.0,427568000.0,5276000.0
SMPL,2022-05-31,quarterly,454812000.0,5999000.0,402393000.0,56720000.0,398092000.0,4881000.0
SMPL,2022-08-31,quarterly,454174000.0,6513000.0,403022000.0,67494000.0,386680000.0,5353000.0
SMPL,2022-11-30,quarterly,446951000.0,7285000.0,396911000.0,54144000.0,392807000.0,7055000.0
SMPL,2023-02-28,quarterly,410914000.0,7478000.0,362598000.0,63207000.0,347707000.0,8497000.0
SMPL,2023-05-31,quarterly,367428000.0,7595000.0,320900000.0,68794000.0,298634000.0,7649000.0
SMPL,2023-08-31,quarterly,327704000.0,7709000.0,281649000.0,87715000.0,239989000.0,6867000.0
SMPL,2023-11-30,quarterly,315145000.0,7807000.0,272032000.0,121391000.0,193754000.0,6034000.0
SMPL,2024-02-29,quarterly,278823000.0,7889000.0,237641000.0,135876000.0,142947000.0,5596000.0
SMPL,2024-05-31,quarterly,276925000.0,7772000.0,237661000.0,208681000.0,68244000.0,5028000.0
SMPL,2024-08-31,quarterly,437309000.0,5494000.0,397485000.0,132530000.0,304779000.0,9371000.0
SMPL,2024-11-30,quarterly,386693000.0,5586000.0,347990000.0,121759000.0,264934000.0,7861000.0
SMPL,2025-02-28,quarterly,334846000.0,4432000.0,298537000.0,103682000.0,231164000.0,6338000.0
SMPL,2025-05-31,quarterly,304733000.0,4386000.0,248920000.0,98008000.0,206725000.0,4900000.0
SMPL,2025-08-31,quarterly,304427000.0,5867000.0,249066000.0,98468000.0,205959000.0,4150000.0
SMPL,2025-11-30,quarterly,444263000.0,,396744000.0,194051000.0,250212000.0,4286000.0
SMPL,2026-02-28,quarterly,396866000.0,,396866000.0,107444000.0,289422000.0,5833000.0
SSTK,2018-03-31,quarterly,78232000.0,78232000.0,0.0,284882000.0,-284882000.0,2003000.0
SSTK,2018-06-30,quarterly,69647000.0,69647000.0,0.0,289841000.0,-289841000.0,0.0
SSTK,2018-09-30,quarterly,78536000.0,78536000.0,0.0,206409000.0,-206409000.0,0.0
SSTK,2018-12-31,quarterly,74356000.0,74356000.0,,230852000.0,-230852000.0,2003000.0
SSTK,2019-03-31,quarterly,48591000.0,79043000.0,48591000.0,240141000.0,-191550000.0,
SSTK,2019-06-30,quarterly,47007000.0,77288000.0,,259069000.0,-212062000.0,
SSTK,2019-09-30,quarterly,46042000.0,88422000.0,,285396000.0,-239354000.0,
SSTK,2019-12-31,quarterly,47313000.0,79057000.0,,303261000.0,-255948000.0,
SSTK,2020-03-31,quarterly,45522000.0,78931000.0,,295711000.0,-250189000.0,
SSTK,2020-06-30,quarterly,44280000.0,75802000.0,,311157000.0,-266877000.0,
SSTK,2020-09-30,quarterly,42954000.0,86353000.0,,383127000.0,-340173000.0,
SSTK,2020-12-31,quarterly,41620000.0,94245000.0,,428574000.0,-386954000.0,
SSTK,2021-03-31,quarterly,40062000.0,93681000.0,,363926000.0,-323864000.0,
SSTK,2021-06-30,quarterly,38678000.0,104206000.0,,411046000.0,-372368000.0,
SSTK,2021-09-30,quarterly,38209000.0,124559000.0,,300579000.0,-262370000.0,
SSTK,2021-12-31,quarterly,36966000.0,128533000.0,,314017000.0,-277051000.0,
SSTK,2022-03-31,quarterly,35857000.0,,,258112000.0,-222255000.0,24000.0
SSTK,2022-06-30,quarterly,87397000.0,50000000.0,,84046000.0,3351000.0,205000.0
SSTK,2022-09-30,quarterly,85871000.0,50000000.0,,76244000.0,9627000.0,439000.0
SSTK,2022-12-31,quarterly,85611000.0,50000000.0,,115154000.0,-29543000.0,691000.0
SSTK,2023-03-31,quarterly,34017000.0,,,95832000.0,-61815000.0,231000.0
SSTK,2023-06-30,quarterly,63382000.0,30000000.0,,87146000.0,-23764000.0,493000.0
SSTK,2023-09-30,quarterly,61451000.0,30000000.0,,75228000.0,-13777000.0,562000.0
SSTK,2023-12-31,quarterly,68480000.0,39076000.0,,100490000.0,-32010000.0,570000.0
SSTK,2024-03-31,quarterly,58745000.0,30000000.0,,71811000.0,-13066000.0,562000.0
SSTK,2024-06-30,quarterly,56433000.0,30000000.0,,74871000.0,-18438000.0,561000.0
SSTK,2024-09-30,quarterly,303965000.0,158834000.0,120392000.0,131393000.0,172572000.0,4451000.0
SSTK,2024-12-31,quarterly,310786000.0,167823000.0,119598000.0,111251000.0,199535000.0,4987000.0
SSTK,2025-03-31,quarterly,298671000.0,158107000.0,118858000.0,112231000.0,186440000.0,4298000.0
SSTK,2025-06-30,quarterly,297033000.0,158108000.0,118119000.0,116410000.0,180623000.0,4224000.0
SSTK,2025-09-30,quarterly,294613000.0,158109000.0,117379000.0,165536000.0,129077000.0,4226000.0
SSTK,2025-12-31,quarterly,317578000.0,166445000.0,116639000.0,178244000.0,139334000.0,4078000.0
TDW,2018-03-31,quarterly,447944000.0,5215000.0,442729000.0,451281000.0,5472000.0,7727000.0
TDW,2018-06-30,quarterly,444849000.0,6290000.0,438559000.0,459331000.0,-14437000.0,7547000.0
TDW,2018-09-30,quarterly,442972000.0,7671000.0,435301000.0,461126000.0,-18116000.0,7585000.0
TDW,2018-12-31,quarterly,439004000.0,8568000.0,430436000.0,371791000.0,67213000.0,7708000.0
TDW,2019-03-31,quarterly,442470000.0,10615000.0,427436000.0,391060000.0,51410000.0,7736000.0
TDW,2019-06-30,quarterly,440043000.0,10712000.0,424911000.0,369549000.0,70494000.0,7582000.0
TDW,2019-09-30,quarterly,434427000.0,10387000.0,419905000.0,359332000.0,75095000.0,7468000.0
TDW,2019-12-31,quarterly,288934000.0,9890000.0,279044000.0,218290000.0,70644000.0,6282000.0
TDW,2020-03-31,quarterly,282119000.0,9104000.0,273015000.0,187802000.0,94317000.0,6142000.0
TDW,2020-06-30,quarterly,282652000.0,9437000.0,273215000.0,203119000.0,79533000.0,5959000.0
TDW,2020-09-30,quarterly,255755000.0,9576000.0,246179000.0,192243000.0,63512000.0,6071000.0
TDW,2020-12-31,quarterly,192731000.0,27797000.0,164934000.0,149933000.0,42798000.0,5984000.0
TDW,2021-03-31,quarterly,166538000.0,18201000.0,148337000.0,131858000.0,34680000.0,4541000.0
TDW,2021-06-30,quarterly,155967000.0,7355000.0,148612000.0,131157000.0,24810000.0,3944000.0
TDW,2021-09-30,quarterly,155134000.0,140995000.0,14139000.0,127414000.0,27720000.0,3681000.0
TDW,2021-12-31,quarterly,167885000.0,0.0,167885000.0,149037000.0,18848000.0,3417000.0
TDW,2022-03-31,quarterly,167997000.0,0.0,167997000.0,136234000.0,31763000.0,4175000.0
TDW,2022-06-30,quarterly,169879000.0,1600000.0,168279000.0,87981000.0,80298000.0,4284000.0
TDW,2022-09-30,quarterly,171249000.0,2600000.0,168649000.0,115014000.0,53635000.0,4391000.0
TDW,2022-12-31,quarterly,171147000.0,2111000.0,169036000.0,164192000.0,4844000.0,4339000.0
TDW,2023-03-31,quarterly,173923000.0,4500000.0,169423000.0,165145000.0,4278000.0,4190000.0
TDW,2023-06-30,quarterly,182014000.0,2441000.0,179573000.0,171261000.0,10753000.0,4731000.0
TDW,2023-09-30,quarterly,743670000.0,102369000.0,641301000.0,275070000.0,468600000.0,19288000.0
TDW,2023-12-31,quarterly,734438000.0,103077000.0,631361000.0,274437000.0,460001000.0,20263000.0
TDW,2024-03-31,quarterly,723338000.0,103009000.0,620329000.0,280853000.0,442485000.0,19476000.0
TDW,2024-06-30,quarterly,710991000.0,102993000.0,607998000.0,315897000.0,395094000.0,19127000.0
TDW,2024-09-30,quarterly,650457000.0,53105000.0,597352000.0,280840000.0,369617000.0,17622000.0
TDW,2024-12-31,quarterly,637096000.0,65386000.0,571710000.0,324918000.0,312178000.0,16742000.0
TDW,2025-03-31,quarterly,636036000.0,80042000.0,555994000.0,341799000.0,294237000.0,16344000.0
TDW,2025-06-30,quarterly,625240000.0,93366000.0,531874000.0,369405000.0,255835000.0,16442000.0
TDW,2025-09-30,quarterly,675519000.0,25717000.0,649802000.0,428225000.0,247294000.0,16589000.0
TDW,2025-12-31,quarterly,654893000.0,5845000.0,649048000.0,578761000.0,76132000.0,16715000.0
WSR,2018-03-31,quarterly,1327594000.0,659068000.0,668526000.0,9337000.0,659189000.0,5973000.0
WSR,2018-06-30,quarterly,673364000.0,5769000.0,667595000.0,3125000.0,664470000.0,6313000.0
WSR,2018-09-30,quarterly,672544000.0,5920000.0,666624000.0,9389000.0,657235000.0,6419000.0
WSR,2018-12-31,quarterly,624335000.0,6130000.0,618205000.0,13658000.0,604547000.0,6472000.0
WSR,2019-03-31,quarterly,629131000.0,6213000.0,622918000.0,4580000.0,618338000.0,6533000.0
WSR,2019-06-30,quarterly,628720000.0,6387000.0,622333000.0,5425000.0,616908000.0,6526000.0
WSR,2019-09-30,quarterly,628177000.0,6440000.0,621737000.0,5539000.0,616198000.0,6679000.0
WSR,2019-12-31,quarterly,651690000.0,,644699000.0,15589000.0,636160000.0,6547000.0
WSR,2020-03-31,quarterly,682165000.0,6756000.0,675409000.0,36774000.0,638635000.0,6693000.0
WSR,2020-06-30,quarterly,683252000.0,6881000.0,676371000.0,39924000.0,636447000.0,6468000.0
WSR,2020-09-30,quarterly,666516000.0,666516000.0,666516000.0,38990000.0,627526000.0,6400000.0
WSR,2020-12-31,quarterly,644185000.0,644185000.0,644185000.0,25777000.0,618408000.0,6209000.0
WSR,2021-03-31,quarterly,645230000.0,645230000.0,645230000.0,22820000.0,622410000.0,6132000.0
WSR,2021-06-30,quarterly,614441000.0,614441000.0,614441000.0,22274000.0,592167000.0,6143000.0
WSR,2021-09-30,quarterly,618649000.0,618649000.0,618649000.0,10858000.0,607791000.0,6142000.0
WSR,2021-12-31,quarterly,642842000.0,642842000.0,642842000.0,15721000.0,627121000.0,6147000.0
WSR,2022-03-31,quarterly,643876000.0,643876000.0,643876000.0,11136000.0,632740000.0,6061000.0
WSR,2022-06-30,quarterly,638011000.0,638011000.0,638011000.0,8464000.0,629547000.0,6234000.0
WSR,2022-09-30,quarterly,637138000.0,637138000.0,637138000.0,9504000.0,627634000.0,6816000.0
WSR,2022-12-31,quarterly,626897000.0,735000.0,625427000.0,6166000.0,619996000.0,8082000.0
WSR,2023-03-31,quarterly,631941000.0,23724000.0,630409000.0,13703000.0,618238000.0,7903000.0
WSR,2023-06-30,quarterly,654725000.0,4701000.0,650024000.0,2927000.0,647826000.0,8260000.0
WSR,2023-09-30,quarterly,634858000.0,1383000.0,632750000.0,2976000.0,630499000.0,8400000.0
WSR,2023-12-31,quarterly,640893000.0,63834000.0,640172000.0,7185000.0,636321000.0,8303000.0
WSR,2024-03-31,quarterly,645697000.0,45150000.0,644981000.0,6215000.0,639482000.0,8519000.0
WSR,2024-06-30,quarterly,666464000.0,42878000.0,622789000.0,3231000.0,663233000.0,8788000.0
WSR,2024-09-30,quarterly,634341000.0,17413000.0,616169000.0,2534000.0,631807000.0,8506000.0
WSR,2024-12-31,quarterly,632357000.0,0.0,631518000.0,5224000.0,627133000.0,8222000.0
WSR,2025-03-31,quarterly,642118000.0,0.0,641295000.0,5586000.0,636532000.0,8878000.0
WSR,2025-06-30,quarterly,670345000.0,0.0,670345000.0,5324000.0,665021000.0,8291000.0
WSR,2025-09-30,quarterly,642377000.0,0.0,641626000.0,6848000.0,635529000.0,8658000.0
WSR,2025-12-31,quarterly,643925000.0,0.0,643925000.0,4888000.0,639037000.0,8626000.0
